{
  "greeting": "Saki",
  "name": "Zhang",
  "greetingText": "My best friend, you are wonderful :)",
  "wishText": "May the Zenshiro  always be with you! ;)",
  "imagePath": "img/Saki1.png",
  "text1": "It's your birthday!!! :D",
  "textInChatBox": "Happy birthday to you!! Yaaay! Many many happy buhahha UwU...",
  "sendButtonLabel": "Send",
  "text2": "That's what I was going to do.",
  "text3": "But then I stopped.",
  "text4": "I realised, I wanted to do something",
  "text4Adjective": "special",
  "text5Entry": "Because,",
  "text5Content": "You are Special",
  "smiley": ":)",
  "bigTextPart1": "S",
  "bigTextPart2": "O",
  "wishHeading": "Happy Birthday!",
  "outroText": "Okay,  I hope you liked it",
  "replayText": "if you want to watch it again.",
  "outroSmiley": ":)"
}
